"","schedule_week","schedule_playoff","team_home","team_away","score_home","score_away","score_total","team_favorite","result_favorite","spread_favorite","over_under_line","stadium","stadium_neutral","weather_temperature","weather_wind_mph"
"1","1",FALSE,"Arizona Cardinals","New England Patriots",21,23,44,"Arizona Cardinals",-2,-8.5,44,"University of Phoenix Stadium",FALSE,72,0
"2","2",FALSE,"Arizona Cardinals","Tampa Bay Buccaneers",40,7,47,"Arizona Cardinals",33,-7,49.5,"University of Phoenix Stadium",FALSE,72,0
"3","3",FALSE,"Buffalo Bills","Arizona Cardinals",33,18,51,"Arizona Cardinals",-15,-5,48,"New Era Field",FALSE,62,1
"4","4",FALSE,"Arizona Cardinals","Los Angeles Rams",13,17,30,"Arizona Cardinals",-4,-10,43.5,"University of Phoenix Stadium",FALSE,72,0
"5","5",FALSE,"San Francisco 49ers","Arizona Cardinals",21,33,54,"Arizona Cardinals",12,-3.5,42.5,"Levi's Stadium",FALSE,72,7
"6","6",FALSE,"Arizona Cardinals","New York Jets",28,3,31,"Arizona Cardinals",25,-7,45.5,"University of Phoenix Stadium",FALSE,72,0
"7","7",FALSE,"Arizona Cardinals","Seattle Seahawks",6,6,12,"Arizona Cardinals",0,-2.5,43,"University of Phoenix Stadium",FALSE,72,0
"8","10",FALSE,"Arizona Cardinals","San Francisco 49ers",23,20,43,"Arizona Cardinals",3,-14,47,"University of Phoenix Stadium",FALSE,72,0
"9","13",FALSE,"Arizona Cardinals","Washington Redskins",31,23,54,"Arizona Cardinals",8,-2.5,48.5,"University of Phoenix Stadium",FALSE,72,0
"10","14",FALSE,"Miami Dolphins","Arizona Cardinals",26,23,49,"Arizona Cardinals",-3,-2,44,"Sun Life Stadium",FALSE,75,15
"11","15",FALSE,"Arizona Cardinals","New Orleans Saints",41,48,89,"Arizona Cardinals",-7,-3,48.5,"University of Phoenix Stadium",FALSE,72,0
"12","17",FALSE,"Los Angeles Rams","Arizona Cardinals",6,44,50,"Arizona Cardinals",38,-7,39,"Los Angeles Memorial Coliseum",FALSE,56,1
"13","1",FALSE,"Atlanta Falcons","Tampa Bay Buccaneers",24,31,55,"Atlanta Falcons",-7,-2.5,47,"Georgia Dome",FALSE,72,0
"14","7",FALSE,"Atlanta Falcons","San Diego Chargers",30,33,63,"Atlanta Falcons",-3,-4.5,52.5,"Georgia Dome",FALSE,72,0
"15","8",FALSE,"Atlanta Falcons","Green Bay Packers",33,32,65,"Atlanta Falcons",1,-3,51,"Georgia Dome",FALSE,72,0
"16","9",FALSE,"Tampa Bay Buccaneers","Atlanta Falcons",28,43,71,"Atlanta Falcons",15,-4.5,49,"Raymond James Stadium",FALSE,75,2
"17","12",FALSE,"Atlanta Falcons","Arizona Cardinals",38,19,57,"Atlanta Falcons",19,-4,49,"Georgia Dome",FALSE,72,0
"18","13",FALSE,"Atlanta Falcons","Kansas City Chiefs",28,29,57,"Atlanta Falcons",-1,-5,50,"Georgia Dome",FALSE,72,0
"19","14",FALSE,"Los Angeles Rams","Atlanta Falcons",14,42,56,"Atlanta Falcons",28,-5,44,"Los Angeles Memorial Coliseum",FALSE,64,2
"20","15",FALSE,"Atlanta Falcons","San Francisco 49ers",41,13,54,"Atlanta Falcons",28,-13.5,51.5,"Georgia Dome",FALSE,72,0
"21","16",FALSE,"Carolina Panthers","Atlanta Falcons",16,33,49,"Atlanta Falcons",17,-3,49,"Bank of America Stadium",FALSE,52,4
"22","17",FALSE,"Atlanta Falcons","New Orleans Saints",38,32,70,"Atlanta Falcons",6,-7.5,58.5,"Georgia Dome",FALSE,72,0
"23","Division",TRUE,"Atlanta Falcons","Seattle Seahawks",36,20,56,"Atlanta Falcons",16,-6.5,51,"Georgia Dome",FALSE,72,0
"24","Conference",TRUE,"Atlanta Falcons","Green Bay Packers",44,21,65,"Atlanta Falcons",23,-6.5,59.5,"Georgia Dome",FALSE,72,0
"25","1",FALSE,"Baltimore Ravens","Buffalo Bills",13,7,20,"Baltimore Ravens",6,-3,44.5,"M&T Bank Stadium",FALSE,82,7
"26","2",FALSE,"Cleveland Browns","Baltimore Ravens",20,25,45,"Baltimore Ravens",5,-4.5,42,"FirstEnergy Stadium",FALSE,75,5
"27","3",FALSE,"Jacksonville Jaguars","Baltimore Ravens",17,19,36,"Baltimore Ravens",2,-2,45,"EverBank Field",FALSE,87,4
"28","4",FALSE,"Baltimore Ravens","Oakland Raiders",27,28,55,"Baltimore Ravens",-1,-3.5,45,"M&T Bank Stadium",FALSE,67,0
"29","5",FALSE,"Baltimore Ravens","Washington Redskins",10,16,26,"Baltimore Ravens",-6,-4,44.5,"M&T Bank Stadium",FALSE,61,12
"30","10",FALSE,"Baltimore Ravens","Cleveland Browns",28,7,35,"Baltimore Ravens",21,-7.5,44,"M&T Bank Stadium",FALSE,52,1
"31","12",FALSE,"Baltimore Ravens","Cincinnati Bengals",19,14,33,"Baltimore Ravens",5,-3.5,42,"M&T Bank Stadium",FALSE,49,8
"32","13",FALSE,"Baltimore Ravens","Miami Dolphins",38,6,44,"Baltimore Ravens",32,-3.5,41.5,"M&T Bank Stadium",FALSE,45,3
"33","15",FALSE,"Baltimore Ravens","Philadelphia Eagles",27,26,53,"Baltimore Ravens",1,-5,41,"M&T Bank Stadium",FALSE,58,6
"34","17",FALSE,"Cincinnati Bengals","Baltimore Ravens",27,10,37,"Baltimore Ravens",-17,-2.5,40.5,"Paul Brown Stadium",FALSE,38,1
"35","5",FALSE,"Los Angeles Rams","Buffalo Bills",19,30,49,"Buffalo Bills",11,-2.5,41.5,"Los Angeles Memorial Coliseum",FALSE,87,5
"36","6",FALSE,"Buffalo Bills","San Francisco 49ers",45,16,61,"Buffalo Bills",29,-7.5,44,"New Era Field",FALSE,72,9
"37","7",FALSE,"Miami Dolphins","Buffalo Bills",28,25,53,"Buffalo Bills",-3,-2.5,46,"Sun Life Stadium",FALSE,80,10
"38","12",FALSE,"Buffalo Bills","Jacksonville Jaguars",28,21,49,"Buffalo Bills",7,-8.5,44,"New Era Field",FALSE,38,6
"39","15",FALSE,"Buffalo Bills","Cleveland Browns",33,13,46,"Buffalo Bills",20,-10.5,43,"New Era Field",FALSE,25,12
"40","16",FALSE,"Buffalo Bills","Miami Dolphins",31,34,65,"Buffalo Bills",-3,-4.5,44.5,"New Era Field",FALSE,35,7
"41","17",FALSE,"New York Jets","Buffalo Bills",30,10,40,"Buffalo Bills",-20,-3.5,43,"MetLife Stadium",FALSE,45,8
"42","1",FALSE,"Denver Broncos","Carolina Panthers",21,20,41,"Carolina Panthers",-1,-3,40.5,"Sports Authority Field at Mile High",FALSE,82,2
"43","2",FALSE,"Carolina Panthers","San Francisco 49ers",46,27,73,"Carolina Panthers",19,-12.5,44,"Bank of America Stadium",FALSE,85,3
"44","3",FALSE,"Carolina Panthers","Minnesota Vikings",10,22,32,"Carolina Panthers",-12,-6.5,42.5,"Bank of America Stadium",FALSE,84,2
"45","4",FALSE,"Atlanta Falcons","Carolina Panthers",48,33,81,"Carolina Panthers",-15,-3,48.5,"Georgia Dome",FALSE,72,0
"46","5",FALSE,"Carolina Panthers","Tampa Bay Buccaneers",14,17,31,"Carolina Panthers",-3,-6,46.5,"Bank of America Stadium",FALSE,57,2
"47","6",FALSE,"New Orleans Saints","Carolina Panthers",41,38,79,"Carolina Panthers",-3,-2.5,53.5,"Louisiana Superdome",FALSE,72,0
"48","8",FALSE,"Carolina Panthers","Arizona Cardinals",30,20,50,"Carolina Panthers",10,-2.5,45.5,"Bank of America Stadium",FALSE,80,4
"49","9",FALSE,"Los Angeles Rams","Carolina Panthers",10,13,23,"Carolina Panthers",3,-3,44.5,"Los Angeles Memorial Coliseum",FALSE,72,3
"50","10",FALSE,"Carolina Panthers","Kansas City Chiefs",17,20,37,"Carolina Panthers",-3,-3,44,"Bank of America Stadium",FALSE,48,4
"51","11",FALSE,"Carolina Panthers","New Orleans Saints",23,20,43,"Carolina Panthers",3,-3.5,53.5,"Bank of America Stadium",FALSE,57,2
"52","14",FALSE,"Carolina Panthers","San Diego Chargers",28,16,44,"Carolina Panthers",12,-1,48.5,"Bank of America Stadium",FALSE,42,2
"53","2",FALSE,"Chicago Bears","Philadelphia Eagles",14,29,43,"Chicago Bears",-15,-3,43,"Soldier Field",FALSE,80,2
"54","6",FALSE,"Chicago Bears","Jacksonville Jaguars",16,17,33,"Chicago Bears",-1,-2.5,46,"Soldier Field",FALSE,67,3
"55","10",FALSE,"Tampa Bay Buccaneers","Chicago Bears",36,10,46,"Chicago Bears",-26,-2.5,45,"Raymond James Stadium",FALSE,77,2
"56","1",FALSE,"New York Jets","Cincinnati Bengals",22,23,45,"Cincinnati Bengals",1,-1,42,"MetLife Stadium",FALSE,80,9
"57","3",FALSE,"Cincinnati Bengals","Denver Broncos",17,29,46,"Cincinnati Bengals",-12,-3.5,41.5,"Paul Brown Stadium",FALSE,82,0
"58","4",FALSE,"Cincinnati Bengals","Miami Dolphins",22,7,29,"Cincinnati Bengals",15,-7.5,46.5,"Paul Brown Stadium",FALSE,59,0
"59","5",FALSE,"Dallas Cowboys","Cincinnati Bengals",28,14,42,"Cincinnati Bengals",-14,-2.5,46,"Cowboys Stadium",FALSE,72,0
"60","7",FALSE,"Cincinnati Bengals","Cleveland Browns",31,17,48,"Cincinnati Bengals",14,-11,46.5,"Paul Brown Stadium",FALSE,66,6
"61","8",FALSE,"Cincinnati Bengals","Washington Redskins",27,27,54,"Cincinnati Bengals",0,-3,49,"Wembley Stadium",TRUE,52,3
"62","11",FALSE,"Cincinnati Bengals","Buffalo Bills",12,16,28,"Cincinnati Bengals",-4,-2.5,48,"Paul Brown Stadium",FALSE,37,7
"63","13",FALSE,"Cincinnati Bengals","Philadelphia Eagles",32,14,46,"Cincinnati Bengals",18,-1.5,42,"Paul Brown Stadium",FALSE,41,3
"64","14",FALSE,"Cleveland Browns","Cincinnati Bengals",10,23,33,"Cincinnati Bengals",13,-5,41.5,"FirstEnergy Stadium",FALSE,28,13
"65","3",FALSE,"Dallas Cowboys","Chicago Bears",31,17,48,"Dallas Cowboys",14,-6.5,45,"Cowboys Stadium",FALSE,72,0
"66","4",FALSE,"San Francisco 49ers","Dallas Cowboys",17,24,41,"Dallas Cowboys",7,-1,44,"Levi's Stadium",FALSE,68,8
"67","8",FALSE,"Dallas Cowboys","Philadelphia Eagles",29,23,52,"Dallas Cowboys",6,-5,44,"Cowboys Stadium",FALSE,72,0
"68","9",FALSE,"Cleveland Browns","Dallas Cowboys",10,35,45,"Dallas Cowboys",25,-7,49,"FirstEnergy Stadium",FALSE,56,2
"69","11",FALSE,"Dallas Cowboys","Baltimore Ravens",27,17,44,"Dallas Cowboys",10,-7,44.5,"Cowboys Stadium",FALSE,53,7
"70","12",FALSE,"Dallas Cowboys","Washington Redskins",31,26,57,"Dallas Cowboys",5,-6,53.5,"Cowboys Stadium",FALSE,69,5
"71","13",FALSE,"Minnesota Vikings","Dallas Cowboys",15,17,32,"Dallas Cowboys",2,-3,43.5,"U.S. Bank Stadium",FALSE,72,0
"72","14",FALSE,"New York Giants","Dallas Cowboys",10,7,17,"Dallas Cowboys",-3,-3.5,47,"MetLife Stadium",FALSE,30,2
"73","15",FALSE,"Dallas Cowboys","Tampa Bay Buccaneers",26,20,46,"Dallas Cowboys",6,-7,47.5,"Cowboys Stadium",FALSE,26,7
"74","16",FALSE,"Dallas Cowboys","Detroit Lions",42,21,63,"Dallas Cowboys",21,-6.5,46.5,"Cowboys Stadium",FALSE,65,0
"75","Division",TRUE,"Dallas Cowboys","Green Bay Packers",31,34,65,"Dallas Cowboys",-3,-5.5,52.5,"Cowboys Stadium",FALSE,72,0
"76","2",FALSE,"Denver Broncos","Indianapolis Colts",34,20,54,"Denver Broncos",14,-6,47,"Sports Authority Field at Mile High",FALSE,86,1
"77","4",FALSE,"Tampa Bay Buccaneers","Denver Broncos",7,27,34,"Denver Broncos",20,-3,42.5,"Raymond James Stadium",FALSE,89,4
"78","5",FALSE,"Denver Broncos","Atlanta Falcons",16,23,39,"Denver Broncos",-7,-3.5,44.5,"Sports Authority Field at Mile High",FALSE,73,1
"79","6",FALSE,"San Diego Chargers","Denver Broncos",21,13,34,"Denver Broncos",-8,-3,44,"Qualcomm Stadium",FALSE,69,6
"80","7",FALSE,"Denver Broncos","Houston Texans",27,9,36,"Denver Broncos",18,-8.5,40,"Sports Authority Field at Mile High",FALSE,66,2
"81","8",FALSE,"Denver Broncos","San Diego Chargers",27,19,46,"Denver Broncos",8,-3.5,43,"Sports Authority Field at Mile High",FALSE,75,3
"82","12",FALSE,"Denver Broncos","Kansas City Chiefs",27,30,57,"Denver Broncos",-3,-3.5,40,"Sports Authority Field at Mile High",FALSE,44,6
"83","13",FALSE,"Jacksonville Jaguars","Denver Broncos",10,20,30,"Denver Broncos",10,-3.5,38.5,"EverBank Field",FALSE,75,3
"84","17",FALSE,"Denver Broncos","Oakland Raiders",24,6,30,"Denver Broncos",18,-1,40,"Sports Authority Field at Mile High",FALSE,48,3
"85","2",FALSE,"Detroit Lions","Tennessee Titans",15,16,31,"Detroit Lions",-1,-6,48,"Ford Field",FALSE,72,0
"86","4",FALSE,"Chicago Bears","Detroit Lions",17,14,31,"Detroit Lions",-3,-3,48,"Soldier Field",FALSE,64,2
"87","6",FALSE,"Detroit Lions","Los Angeles Rams",31,28,59,"Detroit Lions",3,-2.5,44,"Ford Field",FALSE,72,0
"88","11",FALSE,"Detroit Lions","Jacksonville Jaguars",26,19,45,"Detroit Lions",7,-5.5,47,"Ford Field",FALSE,72,0
"89","12",FALSE,"Detroit Lions","Minnesota Vikings",16,13,29,"Detroit Lions",3,-1.5,42,"Ford Field",FALSE,72,0
"90","14",FALSE,"Detroit Lions","Chicago Bears",20,17,37,"Detroit Lions",3,-7.5,42,"Ford Field",FALSE,72,0
"91","1",FALSE,"Jacksonville Jaguars","Green Bay Packers",23,27,50,"Green Bay Packers",4,-3.5,47.5,"EverBank Field",FALSE,91,1
"92","2",FALSE,"Minnesota Vikings","Green Bay Packers",17,14,31,"Green Bay Packers",-3,-2,43,"U.S. Bank Stadium",FALSE,72,0
"93","3",FALSE,"Green Bay Packers","Detroit Lions",34,27,61,"Green Bay Packers",7,-6.5,47.5,"Lambeau Field",FALSE,72,10
"94","5",FALSE,"Green Bay Packers","New York Giants",23,16,39,"Green Bay Packers",7,-7,49,"Lambeau Field",FALSE,48,2
"95","6",FALSE,"Green Bay Packers","Dallas Cowboys",16,30,46,"Green Bay Packers",-14,-5,47,"Lambeau Field",FALSE,67,4
"96","7",FALSE,"Green Bay Packers","Chicago Bears",26,10,36,"Green Bay Packers",16,-7.5,46.5,"Lambeau Field",FALSE,47,3
"97","9",FALSE,"Green Bay Packers","Indianapolis Colts",26,31,57,"Green Bay Packers",-5,-7.5,52,"Lambeau Field",FALSE,67,5
"98","10",FALSE,"Tennessee Titans","Green Bay Packers",47,25,72,"Green Bay Packers",-22,-3,49,"Nissan Stadium",FALSE,55,0
"99","13",FALSE,"Green Bay Packers","Houston Texans",21,13,34,"Green Bay Packers",8,-7,44.5,"Lambeau Field",FALSE,31,4
"100","15",FALSE,"Chicago Bears","Green Bay Packers",27,30,57,"Green Bay Packers",3,-4.5,40,"Soldier Field",FALSE,9,7
"101","16",FALSE,"Green Bay Packers","Minnesota Vikings",38,25,63,"Green Bay Packers",13,-6,44.5,"Lambeau Field",FALSE,35,4
"102","17",FALSE,"Detroit Lions","Green Bay Packers",24,31,55,"Green Bay Packers",7,-3.5,50,"Ford Field",FALSE,72,0
"103","WildCard",TRUE,"Green Bay Packers","New York Giants",38,13,51,"Green Bay Packers",25,-5,46.5,"Lambeau Field",FALSE,14,7
"104","1",FALSE,"Houston Texans","Chicago Bears",23,14,37,"Houston Texans",9,-5.5,42.5,"Reliant Stadium",FALSE,87,2
"105","2",FALSE,"Houston Texans","Kansas City Chiefs",19,12,31,"Houston Texans",7,-1,42,"Reliant Stadium",FALSE,89,2
"106","4",FALSE,"Houston Texans","Tennessee Titans",27,20,47,"Houston Texans",7,-3.5,40,"Reliant Stadium",FALSE,82,4
"107","6",FALSE,"Houston Texans","Indianapolis Colts",26,23,49,"Houston Texans",3,-3,47.5,"Reliant Stadium",FALSE,80,6
"108","8",FALSE,"Houston Texans","Detroit Lions",20,13,33,"Houston Texans",7,-1,46.5,"Reliant Stadium",FALSE,80,3
"109","15",FALSE,"Houston Texans","Jacksonville Jaguars",21,20,41,"Houston Texans",1,-3.5,39.5,"Reliant Stadium",FALSE,37,11
"110","16",FALSE,"Houston Texans","Cincinnati Bengals",12,10,22,"Houston Texans",2,-3,41.5,"Reliant Stadium",FALSE,72,8
"111","WildCard",TRUE,"Houston Texans","Oakland Raiders",27,14,41,"Houston Texans",13,-4,38,"Reliant Stadium",FALSE,72,0
"112","1",FALSE,"Indianapolis Colts","Detroit Lions",35,39,74,"Indianapolis Colts",-4,-2.5,51.5,"Lucas Oil Stadium",FALSE,72,0
"113","3",FALSE,"Indianapolis Colts","San Diego Chargers",26,22,48,"Indianapolis Colts",4,-1.5,51.5,"Lucas Oil Stadium",FALSE,72,0
"114","4",FALSE,"Jacksonville Jaguars","Indianapolis Colts",30,27,57,"Indianapolis Colts",-3,-1,48.5,"Wembley Stadium",TRUE,58,6
"115","5",FALSE,"Indianapolis Colts","Chicago Bears",29,23,52,"Indianapolis Colts",6,-4,47.5,"Lucas Oil Stadium",FALSE,72,0
"116","11",FALSE,"Indianapolis Colts","Tennessee Titans",24,17,41,"Indianapolis Colts",7,-3,54,"Lucas Oil Stadium",FALSE,72,0
"117","14",FALSE,"Indianapolis Colts","Houston Texans",17,22,39,"Indianapolis Colts",-5,-6.5,47.5,"Lucas Oil Stadium",FALSE,72,0
"118","17",FALSE,"Indianapolis Colts","Jacksonville Jaguars",24,20,44,"Indianapolis Colts",4,-5.5,48.5,"Lucas Oil Stadium",FALSE,72,0
"119","7",FALSE,"Jacksonville Jaguars","Oakland Raiders",16,33,49,"Jacksonville Jaguars",-17,-2,47.5,"EverBank Field",FALSE,72,5
"120","10",FALSE,"Jacksonville Jaguars","Houston Texans",21,24,45,"Jacksonville Jaguars",-3,-3,42,"EverBank Field",FALSE,71,6
"121","1",FALSE,"Kansas City Chiefs","San Diego Chargers",33,27,60,"Kansas City Chiefs",6,-6.5,46,"Arrowhead Stadium",FALSE,73,7
"122","3",FALSE,"Kansas City Chiefs","New York Jets",24,3,27,"Kansas City Chiefs",21,-3,44.5,"Arrowhead Stadium",FALSE,65,6
"123","6",FALSE,"Oakland Raiders","Kansas City Chiefs",10,26,36,"Kansas City Chiefs",16,-1,46.5,"Oakland Coliseum",FALSE,61,5
"124","7",FALSE,"Kansas City Chiefs","New Orleans Saints",27,21,48,"Kansas City Chiefs",6,-7,51.5,"Arrowhead Stadium",FALSE,69,6
"125","8",FALSE,"Indianapolis Colts","Kansas City Chiefs",14,30,44,"Kansas City Chiefs",16,-3,50.5,"Lucas Oil Stadium",FALSE,72,0
"126","9",FALSE,"Kansas City Chiefs","Jacksonville Jaguars",19,14,33,"Kansas City Chiefs",5,-7,42.5,"Arrowhead Stadium",FALSE,60,6
"127","11",FALSE,"Kansas City Chiefs","Tampa Bay Buccaneers",17,19,36,"Kansas City Chiefs",-2,-7,45,"Arrowhead Stadium",FALSE,43,8
"128","14",FALSE,"Kansas City Chiefs","Oakland Raiders",21,13,34,"Kansas City Chiefs",8,-3.5,46,"Arrowhead Stadium",FALSE,23,4
"129","15",FALSE,"Kansas City Chiefs","Tennessee Titans",17,19,36,"Kansas City Chiefs",-2,-6,43,"Arrowhead Stadium",FALSE,2,2
"130","16",FALSE,"Kansas City Chiefs","Denver Broncos",33,10,43,"Kansas City Chiefs",23,-3.5,38,"Arrowhead Stadium",FALSE,60,11
"131","17",FALSE,"San Diego Chargers","Kansas City Chiefs",27,37,64,"Kansas City Chiefs",10,-5.5,45,"Qualcomm Stadium",FALSE,56,4
"132","Division",TRUE,"Kansas City Chiefs","Pittsburgh Steelers",16,18,34,"Kansas City Chiefs",-2,-2.5,45.5,"Arrowhead Stadium",FALSE,33,9
"133","2",FALSE,"San Diego Chargers","Jacksonville Jaguars",38,14,52,"San Diego Chargers",24,-3,47.5,"Qualcomm Stadium",FALSE,78,5
"134","4",FALSE,"San Diego Chargers","New Orleans Saints",34,35,69,"San Diego Chargers",-1,-3.5,54,"Qualcomm Stadium",FALSE,73,6
"135","9",FALSE,"San Diego Chargers","Tennessee Titans",43,35,78,"San Diego Chargers",8,-3.5,47.5,"Qualcomm Stadium",FALSE,74,3
"136","10",FALSE,"San Diego Chargers","Miami Dolphins",24,31,55,"San Diego Chargers",-7,-4.5,49,"Qualcomm Stadium",FALSE,84,3
"137","12",FALSE,"Houston Texans","San Diego Chargers",13,21,34,"San Diego Chargers",8,-2.5,46,"Reliant Stadium",FALSE,67,9
"138","13",FALSE,"San Diego Chargers","Tampa Bay Buccaneers",21,28,49,"San Diego Chargers",-7,-3.5,49,"Qualcomm Stadium",FALSE,71,3
"139","16",FALSE,"Cleveland Browns","San Diego Chargers",20,17,37,"San Diego Chargers",-3,-4.5,45,"FirstEnergy Stadium",FALSE,37,10
"140","1",FALSE,"San Francisco 49ers","Los Angeles Rams",28,0,28,"Los Angeles Rams",-28,-2.5,43.5,"Levi's Stadium",FALSE,66,17
"141","10",FALSE,"New York Jets","Los Angeles Rams",6,9,15,"Los Angeles Rams",3,-1,38.5,"MetLife Stadium",FALSE,55,4
"142","16",FALSE,"Los Angeles Rams","San Francisco 49ers",21,22,43,"Los Angeles Rams",-1,-6,39.5,"Los Angeles Memorial Coliseum",FALSE,55,7
"143","2",FALSE,"Oakland Raiders","Atlanta Falcons",28,35,63,"Oakland Raiders",-7,-4,48,"Oakland Coliseum",FALSE,83,3
"144","3",FALSE,"Tennessee Titans","Oakland Raiders",10,17,27,"Oakland Raiders",7,-1.5,47,"Nissan Stadium",FALSE,89,3
"145","5",FALSE,"Oakland Raiders","San Diego Chargers",34,31,65,"Oakland Raiders",3,-3.5,50.5,"Oakland Coliseum",FALSE,78,4
"146","9",FALSE,"Oakland Raiders","Denver Broncos",30,20,50,"Oakland Raiders",10,-1,44.5,"Oakland Coliseum",FALSE,67,3
"147","11",FALSE,"Oakland Raiders","Houston Texans",27,20,47,"Oakland Raiders",7,-6.5,46,"Estadio Azteca",TRUE,62,0
"148","12",FALSE,"Oakland Raiders","Carolina Panthers",35,32,67,"Oakland Raiders",3,-3.5,48.5,"Oakland Coliseum",FALSE,56,6
"149","13",FALSE,"Oakland Raiders","Buffalo Bills",38,24,62,"Oakland Raiders",14,-3,48.5,"Oakland Coliseum",FALSE,55,2
"150","15",FALSE,"San Diego Chargers","Oakland Raiders",16,19,35,"Oakland Raiders",3,-2.5,49.5,"Qualcomm Stadium",FALSE,60,2
"151","16",FALSE,"Oakland Raiders","Indianapolis Colts",33,25,58,"Oakland Raiders",8,-3.5,52,"Oakland Coliseum",FALSE,48,5
"152","3",FALSE,"Miami Dolphins","Cleveland Browns",30,24,54,"Miami Dolphins",6,-10,42.5,"Sun Life Stadium",FALSE,85,7
"153","5",FALSE,"Miami Dolphins","Tennessee Titans",17,30,47,"Miami Dolphins",-13,-2.5,44.5,"Sun Life Stadium",FALSE,87,12
"154","9",FALSE,"Miami Dolphins","New York Jets",27,23,50,"Miami Dolphins",4,-3.5,45,"Sun Life Stadium",FALSE,79,11
"155","11",FALSE,"Los Angeles Rams","Miami Dolphins",10,14,24,"Miami Dolphins",4,-1,38.5,"Los Angeles Memorial Coliseum",FALSE,63,4
"156","12",FALSE,"Miami Dolphins","San Francisco 49ers",31,24,55,"Miami Dolphins",7,-7,45,"Sun Life Stadium",FALSE,79,10
"157","15",FALSE,"New York Jets","Miami Dolphins",13,34,47,"Miami Dolphins",21,-2.5,40,"MetLife Stadium",FALSE,34,3
"158","1",FALSE,"Tennessee Titans","Minnesota Vikings",16,25,41,"Minnesota Vikings",9,-2.5,40,"Nissan Stadium",FALSE,77,3
"159","4",FALSE,"Minnesota Vikings","New York Giants",24,10,34,"Minnesota Vikings",14,-3.5,42.5,"U.S. Bank Stadium",FALSE,72,0
"160","5",FALSE,"Minnesota Vikings","Houston Texans",31,13,44,"Minnesota Vikings",18,-6,39,"U.S. Bank Stadium",FALSE,72,0
"161","7",FALSE,"Philadelphia Eagles","Minnesota Vikings",21,10,31,"Minnesota Vikings",-11,-3,39,"Lincoln Financial Field",FALSE,61,10
"162","8",FALSE,"Chicago Bears","Minnesota Vikings",20,10,30,"Minnesota Vikings",-10,-4.5,39.5,"Soldier Field",FALSE,57,3
"163","9",FALSE,"Minnesota Vikings","Detroit Lions",16,22,38,"Minnesota Vikings",-6,-4.5,42.5,"U.S. Bank Stadium",FALSE,72,0
"164","11",FALSE,"Minnesota Vikings","Arizona Cardinals",30,24,54,"Minnesota Vikings",6,-2,40,"U.S. Bank Stadium",FALSE,72,0
"165","14",FALSE,"Jacksonville Jaguars","Minnesota Vikings",16,25,41,"Minnesota Vikings",9,-3.5,38,"EverBank Field",FALSE,66,1
"166","15",FALSE,"Minnesota Vikings","Indianapolis Colts",6,34,40,"Minnesota Vikings",-28,-5,44.5,"U.S. Bank Stadium",FALSE,72,0
"167","17",FALSE,"Minnesota Vikings","Chicago Bears",38,10,48,"Minnesota Vikings",28,-6,44,"U.S. Bank Stadium",FALSE,72,0
"168","2",FALSE,"New England Patriots","Miami Dolphins",31,24,55,"New England Patriots",7,-5.5,42,"Gillette Stadium",FALSE,78,6
"169","3",FALSE,"New England Patriots","Houston Texans",27,0,27,"New England Patriots",27,-1,38.5,"Gillette Stadium",FALSE,68,3
"170","4",FALSE,"New England Patriots","Buffalo Bills",0,16,16,"New England Patriots",-16,-3.5,41,"Gillette Stadium",FALSE,56,2
"171","5",FALSE,"Cleveland Browns","New England Patriots",13,33,46,"New England Patriots",20,-10,47.5,"FirstEnergy Stadium",FALSE,57,9
"172","6",FALSE,"New England Patriots","Cincinnati Bengals",35,17,52,"New England Patriots",18,-7.5,48,"Gillette Stadium",FALSE,66,7
"173","7",FALSE,"Pittsburgh Steelers","New England Patriots",16,27,43,"New England Patriots",11,-7.5,49,"Heinz Field",FALSE,63,6
"174","8",FALSE,"Buffalo Bills","New England Patriots",25,41,66,"New England Patriots",16,-5.5,48,"New Era Field",FALSE,50,2
"175","10",FALSE,"New England Patriots","Seattle Seahawks",24,31,55,"New England Patriots",-7,-7.5,49.5,"Gillette Stadium",FALSE,45,2
"176","11",FALSE,"San Francisco 49ers","New England Patriots",17,30,47,"New England Patriots",13,-11.5,51.5,"Levi's Stadium",FALSE,61,1
"177","12",FALSE,"New York Jets","New England Patriots",17,22,39,"New England Patriots",5,-9.5,48.5,"MetLife Stadium",FALSE,48,8
"178","13",FALSE,"New England Patriots","Los Angeles Rams",26,10,36,"New England Patriots",16,-13.5,45,"Gillette Stadium",FALSE,37,7
"179","14",FALSE,"New England Patriots","Baltimore Ravens",30,23,53,"New England Patriots",7,-6,45,"Gillette Stadium",FALSE,33,1
"180","15",FALSE,"Denver Broncos","New England Patriots",3,16,19,"New England Patriots",13,-3,43,"Sports Authority Field at Mile High",FALSE,27,3
"181","16",FALSE,"New England Patriots","New York Jets",41,3,44,"New England Patriots",38,-17,45,"Gillette Stadium",FALSE,40,4
"182","17",FALSE,"Miami Dolphins","New England Patriots",14,35,49,"New England Patriots",21,-7.5,47,"Sun Life Stadium",FALSE,80,10
"183","Division",TRUE,"New England Patriots","Houston Texans",34,16,50,"New England Patriots",18,-16,44,"Gillette Stadium",FALSE,28,6
"184","Conference",TRUE,"New England Patriots","Pittsburgh Steelers",36,17,53,"New England Patriots",19,-5.5,50,"Gillette Stadium",FALSE,41,10
"185","SuperBowl",TRUE,"New England Patriots","Atlanta Falcons",34,28,62,"New England Patriots",6,-3,57.5,"NRG Stadium",TRUE,72,0
"186","1",FALSE,"New Orleans Saints","Oakland Raiders",34,35,69,"New Orleans Saints",-1,-3,50.5,"Louisiana Superdome",FALSE,72,0
"187","3",FALSE,"New Orleans Saints","Atlanta Falcons",32,45,77,"New Orleans Saints",-13,-3,54.5,"Louisiana Superdome",FALSE,72,0
"188","9",FALSE,"San Francisco 49ers","New Orleans Saints",23,41,64,"New Orleans Saints",18,-5,53,"Levi's Stadium",FALSE,68,1
"189","10",FALSE,"New Orleans Saints","Denver Broncos",23,25,48,"New Orleans Saints",-2,-3,50,"Louisiana Superdome",FALSE,72,0
"190","12",FALSE,"New Orleans Saints","Los Angeles Rams",49,21,70,"New Orleans Saints",28,-8,45,"Louisiana Superdome",FALSE,72,0
"191","13",FALSE,"New Orleans Saints","Detroit Lions",13,28,41,"New Orleans Saints",-15,-6.5,53.5,"Louisiana Superdome",FALSE,72,0
"192","16",FALSE,"New Orleans Saints","Tampa Bay Buccaneers",31,24,55,"New Orleans Saints",7,-3,53,"Louisiana Superdome",FALSE,72,0
"193","1",FALSE,"Dallas Cowboys","New York Giants",19,20,39,"New York Giants",1,-1,47.5,"Cowboys Stadium",FALSE,72,0
"194","2",FALSE,"New York Giants","New Orleans Saints",16,13,29,"New York Giants",3,-4,54.5,"MetLife Stadium",FALSE,79,5
"195","3",FALSE,"New York Giants","Washington Redskins",27,29,56,"New York Giants",-2,-3.5,47,"MetLife Stadium",FALSE,67,4
"196","6",FALSE,"New York Giants","Baltimore Ravens",27,23,50,"New York Giants",4,-3.5,42.5,"MetLife Stadium",FALSE,66,6
"197","7",FALSE,"Los Angeles Rams","New York Giants",10,17,27,"New York Giants",7,-2.5,44.5,"Twickenham Stadium",TRUE,54,10
"198","9",FALSE,"New York Giants","Philadelphia Eagles",28,23,51,"New York Giants",5,-3,42.5,"MetLife Stadium",FALSE,57,8
"199","11",FALSE,"New York Giants","Chicago Bears",22,16,38,"New York Giants",6,-7,41.5,"MetLife Stadium",FALSE,40,12
"200","12",FALSE,"Cleveland Browns","New York Giants",13,27,40,"New York Giants",14,-6.5,46.5,"FirstEnergy Stadium",FALSE,46,10
"201","15",FALSE,"New York Giants","Detroit Lions",17,6,23,"New York Giants",11,-4,42.5,"MetLife Stadium",FALSE,48,4
"202","7",FALSE,"New York Jets","Baltimore Ravens",24,16,40,"New York Jets",8,-2.5,40,"MetLife Stadium",FALSE,58,11
"203","8",FALSE,"Cleveland Browns","New York Jets",28,31,59,"New York Jets",3,-2.5,45.5,"FirstEnergy Stadium",FALSE,54,9
"204","13",FALSE,"New York Jets","Indianapolis Colts",10,41,51,"New York Jets",-31,-1,48.5,"MetLife Stadium",FALSE,43,2
"205","1",FALSE,"Philadelphia Eagles","Cleveland Browns",29,10,39,"Philadelphia Eagles",19,-3.5,41,"Lincoln Financial Field",FALSE,83,9
"206","5",FALSE,"Detroit Lions","Philadelphia Eagles",24,23,47,"Philadelphia Eagles",-1,-3.5,46,"Ford Field",FALSE,72,0
"207","6",FALSE,"Washington Redskins","Philadelphia Eagles",27,20,47,"Philadelphia Eagles",-7,-3,45,"FedEx Field",FALSE,69,5
"208","10",FALSE,"Philadelphia Eagles","Atlanta Falcons",24,15,39,"Philadelphia Eagles",9,-1.5,49,"Lincoln Financial Field",FALSE,54,6
"209","12",FALSE,"Philadelphia Eagles","Green Bay Packers",13,27,40,"Philadelphia Eagles",-14,-4,47.5,"Lincoln Financial Field",FALSE,47,4
"210","16",FALSE,"Philadelphia Eagles","New York Giants",24,19,43,"Philadelphia Eagles",5,-1.5,42.5,"Lincoln Financial Field",FALSE,41,8
"211","17",FALSE,"Philadelphia Eagles","Dallas Cowboys",27,13,40,"Philadelphia Eagles",14,-6.5,44,"Lincoln Financial Field",FALSE,48,6
"212","2",FALSE,"Buffalo Bills","New York Jets",31,37,68,NA,NA,0,40.5,"New Era Field",FALSE,54,2
"213","10",FALSE,"New York Giants","Cincinnati Bengals",21,20,41,NA,NA,0,49.5,"MetLife Stadium",FALSE,54,1
"214","1",FALSE,"Washington Redskins","Pittsburgh Steelers",16,38,54,"Pittsburgh Steelers",22,-2.5,49,"FedEx Field",FALSE,76,3
"215","2",FALSE,"Pittsburgh Steelers","Cincinnati Bengals",24,16,40,"Pittsburgh Steelers",8,-3,48,"Heinz Field",FALSE,71,3
"216","3",FALSE,"Philadelphia Eagles","Pittsburgh Steelers",34,3,37,"Pittsburgh Steelers",-31,-4,46.5,"Lincoln Financial Field",FALSE,71,1
"217","4",FALSE,"Pittsburgh Steelers","Kansas City Chiefs",43,14,57,"Pittsburgh Steelers",29,-3.5,48.5,"Heinz Field",FALSE,60,0
"218","5",FALSE,"Pittsburgh Steelers","New York Jets",31,13,44,"Pittsburgh Steelers",18,-10,50,"Heinz Field",FALSE,57,6
"219","6",FALSE,"Miami Dolphins","Pittsburgh Steelers",30,15,45,"Pittsburgh Steelers",-15,-7.5,49.5,"Sun Life Stadium",FALSE,82,11
"220","9",FALSE,"Baltimore Ravens","Pittsburgh Steelers",21,14,35,"Pittsburgh Steelers",-7,-3.5,46,"M&T Bank Stadium",FALSE,63,10
"221","10",FALSE,"Pittsburgh Steelers","Dallas Cowboys",30,35,65,"Pittsburgh Steelers",-5,-3,51,"Heinz Field",FALSE,54,2
"222","11",FALSE,"Cleveland Browns","Pittsburgh Steelers",9,24,33,"Pittsburgh Steelers",15,-8.5,45.5,"FirstEnergy Stadium",FALSE,35,16
"223","12",FALSE,"Indianapolis Colts","Pittsburgh Steelers",7,28,35,"Pittsburgh Steelers",21,-8.5,49.5,"Lucas Oil Stadium",FALSE,72,0
"224","13",FALSE,"Pittsburgh Steelers","New York Giants",24,14,38,"Pittsburgh Steelers",10,-6.5,49.5,"Heinz Field",FALSE,40,2
"225","14",FALSE,"Buffalo Bills","Pittsburgh Steelers",20,27,47,"Pittsburgh Steelers",7,-2,45.5,"New Era Field",FALSE,24,6
"226","15",FALSE,"Cincinnati Bengals","Pittsburgh Steelers",20,24,44,"Pittsburgh Steelers",4,-3,45.5,"Paul Brown Stadium",FALSE,26,7
"227","16",FALSE,"Pittsburgh Steelers","Baltimore Ravens",31,27,58,"Pittsburgh Steelers",4,-5.5,46.5,"Heinz Field",FALSE,39,4
"228","17",FALSE,"Pittsburgh Steelers","Cleveland Browns",27,24,51,"Pittsburgh Steelers",3,-3,41.5,"Heinz Field",FALSE,38,1
"229","WildCard",TRUE,"Pittsburgh Steelers","Miami Dolphins",30,12,42,"Pittsburgh Steelers",18,-11,47.5,"Heinz Field",FALSE,17,16
"230","1",FALSE,"Seattle Seahawks","Miami Dolphins",12,10,22,"Seattle Seahawks",2,-10.5,44,"CenturyLink Field",FALSE,64,2
"231","2",FALSE,"Los Angeles Rams","Seattle Seahawks",9,3,12,"Seattle Seahawks",-6,-5.5,38,"Los Angeles Memorial Coliseum",FALSE,85,4
"232","3",FALSE,"Seattle Seahawks","San Francisco 49ers",37,18,55,"Seattle Seahawks",19,-10.5,41.5,"CenturyLink Field",FALSE,69,2
"233","4",FALSE,"New York Jets","Seattle Seahawks",17,27,44,"Seattle Seahawks",10,-1,40,"MetLife Stadium",FALSE,61,0
"234","6",FALSE,"Seattle Seahawks","Atlanta Falcons",26,24,50,"Seattle Seahawks",2,-7,45.5,"CenturyLink Field",FALSE,54,5
"235","8",FALSE,"New Orleans Saints","Seattle Seahawks",25,20,45,"Seattle Seahawks",-5,-1,50,"Louisiana Superdome",FALSE,72,0
"236","9",FALSE,"Seattle Seahawks","Buffalo Bills",31,25,56,"Seattle Seahawks",6,-5.5,43.5,"CenturyLink Field",FALSE,60,0
"237","11",FALSE,"Seattle Seahawks","Philadelphia Eagles",26,15,41,"Seattle Seahawks",11,-6.5,43,"CenturyLink Field",FALSE,51,4
"238","12",FALSE,"Tampa Bay Buccaneers","Seattle Seahawks",14,5,19,"Seattle Seahawks",-9,-5.5,46,"Raymond James Stadium",FALSE,78,7
"239","13",FALSE,"Seattle Seahawks","Carolina Panthers",40,7,47,"Seattle Seahawks",33,-8.5,44,"CenturyLink Field",FALSE,41,1
"240","14",FALSE,"Green Bay Packers","Seattle Seahawks",38,10,48,"Seattle Seahawks",-28,-3,47,"Lambeau Field",FALSE,27,2
"241","15",FALSE,"Seattle Seahawks","Los Angeles Rams",24,3,27,"Seattle Seahawks",21,-15,39.5,"CenturyLink Field",FALSE,35,3
"242","16",FALSE,"Seattle Seahawks","Arizona Cardinals",31,34,65,"Seattle Seahawks",-3,-9,43.5,"CenturyLink Field",FALSE,39,2
"243","17",FALSE,"San Francisco 49ers","Seattle Seahawks",23,25,48,"Seattle Seahawks",2,-11.5,45,"Levi's Stadium",FALSE,52,6
"244","WildCard",TRUE,"Seattle Seahawks","Detroit Lions",26,6,32,"Seattle Seahawks",20,-8,45.5,"CenturyLink Field",FALSE,38,7
"245","7",FALSE,"San Francisco 49ers","Tampa Bay Buccaneers",17,34,51,"San Francisco 49ers",-17,-1,45,"Levi's Stadium",FALSE,69,2
"246","13",FALSE,"Chicago Bears","San Francisco 49ers",26,6,32,"San Francisco 49ers",-20,-1,44,"Soldier Field",FALSE,35,5
"247","14",FALSE,"San Francisco 49ers","New York Jets",17,23,40,"San Francisco 49ers",-6,-3,43,"Levi's Stadium",FALSE,53,3
"248","3",FALSE,"Tampa Bay Buccaneers","Los Angeles Rams",32,37,69,"Tampa Bay Buccaneers",-5,-3.5,40.5,"Raymond James Stadium",FALSE,89,3
"249","8",FALSE,"Tampa Bay Buccaneers","Oakland Raiders",24,30,54,"Tampa Bay Buccaneers",-6,-1,48,"Raymond James Stadium",FALSE,84,10
"250","14",FALSE,"Tampa Bay Buccaneers","New Orleans Saints",16,11,27,"Tampa Bay Buccaneers",5,-2,52,"Raymond James Stadium",FALSE,75,9
"251","17",FALSE,"Tampa Bay Buccaneers","Carolina Panthers",17,16,33,"Tampa Bay Buccaneers",1,-3,44.5,"Raymond James Stadium",FALSE,76,7
"252","6",FALSE,"Tennessee Titans","Cleveland Browns",28,26,54,"Tennessee Titans",2,-7.5,44.5,"Nissan Stadium",FALSE,79,7
"253","7",FALSE,"Tennessee Titans","Indianapolis Colts",26,34,60,"Tennessee Titans",-8,-4,48,"Nissan Stadium",FALSE,71,5
"254","8",FALSE,"Tennessee Titans","Jacksonville Jaguars",36,22,58,"Tennessee Titans",14,-3,43.5,"Nissan Stadium",FALSE,66,4
"255","12",FALSE,"Chicago Bears","Tennessee Titans",21,27,48,"Tennessee Titans",6,-6.5,42,"Soldier Field",FALSE,38,5
"256","14",FALSE,"Tennessee Titans","Denver Broncos",13,10,23,"Tennessee Titans",3,-2,44,"Nissan Stadium",FALSE,48,11
"257","16",FALSE,"Jacksonville Jaguars","Tennessee Titans",38,17,55,"Tennessee Titans",-21,-4,44,"EverBank Field",FALSE,65,2
"258","17",FALSE,"Tennessee Titans","Houston Texans",24,17,41,"Tennessee Titans",7,-3,41.5,"Nissan Stadium",FALSE,49,2
"259","2",FALSE,"Washington Redskins","Dallas Cowboys",23,27,50,"Washington Redskins",-4,-3,47,"FedEx Field",FALSE,84,5
"260","4",FALSE,"Washington Redskins","Cleveland Browns",31,20,51,"Washington Redskins",11,-7.5,47.5,"FedEx Field",FALSE,70,1
"261","7",FALSE,"Detroit Lions","Washington Redskins",20,17,37,"Washington Redskins",-3,-1,50,"Ford Field",FALSE,72,0
"262","10",FALSE,"Washington Redskins","Minnesota Vikings",26,20,46,"Washington Redskins",6,-2.5,41.5,"FedEx Field",FALSE,55,4
"263","11",FALSE,"Washington Redskins","Green Bay Packers",42,24,66,"Washington Redskins",18,-3,48.5,"FedEx Field",FALSE,38,15
"264","14",FALSE,"Philadelphia Eagles","Washington Redskins",22,27,49,"Washington Redskins",5,-2.5,48.5,"Lincoln Financial Field",FALSE,33,2
"265","15",FALSE,"Washington Redskins","Carolina Panthers",15,26,41,"Washington Redskins",-11,-7,50.5,"FedEx Field",FALSE,30,3
"266","16",FALSE,"Chicago Bears","Washington Redskins",21,41,62,"Washington Redskins",20,-3,49,"Soldier Field",FALSE,35,1
"267","17",FALSE,"Washington Redskins","New York Giants",10,19,29,"Washington Redskins",-9,-9,47.5,"FedEx Field",FALSE,52,1
